{"cameraMode":{"drawMode":0,"name":"Shaded","section":"Shading Mode"},"sceneLighting":true,"audioPlay":false,"sceneViewState":{"m_AlwaysRefresh":false,"showFog":true,"showSkybox":true,"showFlares":true,"showImageEffects":true,"showParticleSystems":true,"showVisualEffectGraphs":true,"m_FxEnabled":true},"in2DMode":false,"pivot":{"x":-9.301241874694825,"y":-10.645881652832032,"z":-19.06212615966797},"rotation":{"x":0.010163328610360623,"y":0.07252955436706543,"z":0.0007393663981929421,"w":-0.9973148703575134},"size":22.16168785095215,"orthographic":false}